Ensemble(i) model,MAE,MSE,Coverage 95%PI,WIS
2,1.11783133722423,1.31965813232773,50,0.722455793957263
3,1.00735923313128,1.05872075124653,100,0.602575177437947
4,1.23379460351343,1.59905767669308,100,0.6570035962139
