Ensemble(i) model,MAE,MSE,Coverage 95%PI,WIS
2,1.36153323954896,1.94290043771812,0,1.00989192148012
3,1.36153323954896,1.94290043771812,0,1.00989192148012
4,1.36153323954896,1.94290043771812,0,1.00989192148012
